Название категории,Ссылка
грузоперевозки,https://rascenki.kz/city/astana/gruzoperevozki/
пассажирские автоперевозки,https://rascenki.kz/city/astana/passazhirskie_avtoperevozki/
негабаритные автоперевозки,https://rascenki.kz/city/astana/negabaritnye_avtoperevozki/
Авторемонтные работы,https://rascenki.kz/city/astana/avtoremontnye_raboty/
Бетонные работы,https://rascenki.kz/city/astana/betonnye_raboty/
Бухгалтерские услуги,https://rascenki.kz/city/astana/buxgalterskie_uslugi/
Вентиляционные работы,https://rascenki.kz/city/astana/ventilyacionnye_raboty/
внутренняя отделка бани,https://rascenki.kz/city/astana/vnutrennyaya_otdelka_bani/
внутренняя отделка дома,https://rascenki.kz/city/astana/vnutrennyaya_otdelka_doma/
внутренняя отделка гаража,https://rascenki.kz/city/astana/vnutrennyaya_otdelka_garazha/
Вывоз мусора,https://rascenki.kz/city/astana/vyvoz_musora/
Высотные работы,https://rascenki.kz/city/astana/vysotnye_raboty/
Геодезические работы,https://rascenki.kz/city/astana/geodezicheskie_raboty/
Гипсокартонные работы,https://rascenki.kz/city/astana/gipsokartonnye_raboty/
демонтаж полов,https://rascenki.kz/city/astana/demontazh_polov/
демонтаж перегородок,https://rascenki.kz/city/astana/demontazh_peregorodok/
демонтаж зданий,https://rascenki.kz/city/astana/demontazh_zdanij/
демонтаж крыши,https://rascenki.kz/city/astana/demontazh_kryshi/
Земляные работы,https://rascenki.kz/city/astana/zemlyanye_raboty/
компьютерная помощь,https://rascenki.kz/city/astana/komputernaya_pomotsh/
ремонт и настройка компьютеров,https://rascenki.kz/city/astana/remont_i_nastrojka_komputerov/
ремонт ноутбуков,https://rascenki.kz/city/astana/remont_noutbukov/
сборка компьютеров на заказ,https://rascenki.kz/city/astana/sborka_komputerov_na_zakaz/
модернизация компьютеров и ноутбуков,https://rascenki.kz/city/astana/modernizaciya_komputerov_i_noutbukov/
подключение к интернету,https://rascenki.kz/city/astana/podkluchenie_k_internetu/
настройка Wi-Fi,https://rascenki.kz/city/astana/nastrojka_WI-FI/
восстановление данных,https://rascenki.kz/city/astana/vosstanovlenie_dannyx/
Поиск и удаление вирусов,https://rascenki.kz/city/astana/poisk_i_udalenie_virusov/
Диагностика компьютера,https://rascenki.kz/city/astana/diagnostika_komputera/
Косметические услуги,https://rascenki.kz/city/astana/kosmeticheskie_uslugi/
кровельные работы (мягкая кровля),https://rascenki.kz/city/astana/krovelnye_raboty_myagkaya_krovlya/
кровельные работы (фальцевая кровля),https://rascenki.kz/city/astana/krovelnye_raboty_falcevaya_krovlya/
Малярные работы,https://rascenki.kz/city/astana/malyarnye_rabty/
Медицинские услуги,https://rascenki.kz/city/astana/medicinskie_uslugi/
Монолитные работы,https://rascenki.kz/city/astana/monolitnye_raboty/
монтаж металлоконструкций,https://rascenki.kz/city/astana/montazh_metallokonstrukcij/
монтаж вентиляции,https://rascenki.kz/city/astana/montazh_ventilyacii/
монтаж труб,https://rascenki.kz/city/astana/montazh_trub/
монтаж оборудования,https://rascenki.kz/city/astana/montazh_oborudovaniya/
монтаж плит,https://rascenki.kz/city/astana/montazh_plit/
монтаж окон,https://rascenki.kz/city/astana/montazh_okon/
монтаж гипсокартона,https://rascenki.kz/city/astana/montazh_gipsokartona/
монтаж кровли,https://rascenki.kz/city/astana/montazh_krovli/
монтаж теплого пола,https://rascenki.kz/city/astana/montazh_teplogo_pola/
монтаж лестницы,https://rascenki.kz/city/astana/montazh_lestnicy/
монтаж электропроводки,https://rascenki.kz/city/astana/montazh_elektroprovodki/
монтаж крыши,https://rascenki.kz/city/astana/montazh_kryshi/
монтаж пожарной сигнализации,https://rascenki.kz/city/astana/montazh_pozharnoj_signalizacii/
монтаж воздуховодов,https://rascenki.kz/city/astana/montazh_vozduxovodov/
Наружные работы,https://rascenki.kz/city/astana/naruzhnye_raboty/
Нотариальные услуги,https://rascenki.kz/city/astana/notarialnye_uslugi/
Стены из кирпича и бетона,https://rascenki.kz/city/astana/steny_iz_kirpicha_i_betona/
Стены из бревен и бруса,https://rascenki.kz/city/astana/steny_iz_breven_i_brusa/
Перегородки,https://rascenki.kz/city/astana/peregorodki/
Устройство полов,https://rascenki.kz/city/astana/ustrojstvo_polov/
Устройство потолков,https://rascenki.kz/city/astana/ustrojstvo_potolkov/
Организация свадьбы,https://rascenki.kz/city/astana/organizaciya_svadby/
Организация юбилея,https://rascenki.kz/city/astana/organizaciya_ubileya/
Организация детских праздников,https://rascenki.kz/city/astana/organizaciya_detskix_prazdnikov/
Кладочные работы,https://rascenki.kz/city/astana/kladochnye_raboty/
Облицовочные работы,https://rascenki.kz/city/astana/oblicovochnye_raboty/
Потолки,https://rascenki.kz/city/astana/potolki/
Стены,https://rascenki.kz/city/astana/steny/
Окна,https://rascenki.kz/city/astana/okna/
Полы,https://rascenki.kz/city/astana/poly/
Общие отделочные работы,https://rascenki.kz/city/astana/obtshie_otdelochnye_raboty/
Двери,https://rascenki.kz/city/astana/dveri/
Парикмахерские услуги,https://rascenki.kz/city/astana/parikmaxerskie_uslugi/
Плиточные работы,https://rascenki.kz/city/astana/plitochnye_raboty/
Плотницкие работы,https://rascenki.kz/city/astana/plotnickie_raboty/
Покрасочные работы,https://rascenki.kz/city/astana/pokrasochnye_raboty/
Ремонт квартир,https://rascenki.kz/city/astana/remont_kvartir/
Ремонтно-строительные работы,https://rascenki.kz/city/astana/remontno-stroitelnye_raboty/
Подготовка к ЕГЭ,https://rascenki.kz/city/astana/podgotovka_k_ege/
Подготовка к ГИА,https://rascenki.kz/city/astana/podgotovka_k_gia/
Венки,https://rascenki.kz/city/astana/venki/
Надмогильные сооружения,https://rascenki.kz/city/astana/nadmogilnye_sooruzheniya/
Гробы деревянные,https://rascenki.kz/city/astana/groby_derevyannye/
Гробы обитые тканью,https://rascenki.kz/city/astana/groby_obitye_tkanu/
Эксклюзивные гробы,https://rascenki.kz/city/astana/ekskluzivnye_groby/
Отделка гроба,https://rascenki.kz/city/astana/otdelka_groba/
Фурнитура на гроб,https://rascenki.kz/city/astana/furnitura_na_grob/
Сопутствующие принадлежности,https://rascenki.kz/city/astana/soputstvuutshie_prinadlezhnosti/
транспорт,https://rascenki.kz/city/astana/transport/
Установка сантехники,https://rascenki.kz/city/astana/ustanovka_santexniki/
"Монтаж системы отопления, водоснабжения и канализации",https://rascenki.kz/city/astana/montazh_sistemy_otopleniya__vodosnabzheniya_i_kanalizacii/
Монтаж полотенцесушителей и радиаторов,https://rascenki.kz/city/astana/montazh_polotencesushitelej_i_radiatorov/
Монтаж насосного оборудования,https://rascenki.kz/city/astana/montazh_nasosnogo_oborudovaniya/
Монтаж котельного оборудования,https://rascenki.kz/city/astana/montazh_kotelnogo_oborudovaniya/
Общие сантехнические работы,https://rascenki.kz/city/astana/obtshie_santexnicheskie_raboty/
Кузовные сварочные работы,https://rascenki.kz/city/astana/kuzovnye_svarochnye_raboty/
Столярные работы,https://rascenki.kz/city/astana/stolyarnye_raboty/
Терапия,https://rascenki.kz/city/astana/terapiya/
Хирургия,https://rascenki.kz/city/astana/xirurgiya/
Детская стоматология,https://rascenki.kz/city/astana/detskaya_stomatologiya/
Строительные работы,https://rascenki.kz/city/astana/stroitelnye_raboty/
срубы домов,https://rascenki.kz/city/astana/sruby_domov/
срубы бань,https://rascenki.kz/city/astana/sruby_ban/
изготовление брусовых домов-бань,https://rascenki.kz/city/astana/izgotovlenie_brusovyx_domov-ban/
изготовление бревенчатых домов,https://rascenki.kz/city/astana/izgotovlenie_brevenchatyx_domov/
Токарные работы,https://rascenki.kz/city/astana/tokarnye_raboty/
Монтаж электропроводки,https://rascenki.kz/city/astana/montazh_elektroprovodki/
Установка электроточек,https://rascenki.kz/city/astana/ustanovka_elektrotochek/
Установка оборудования,https://rascenki.kz/city/astana/ustanovka_oborudovaniya/
Подготовительные работы,https://rascenki.kz/city/astana/podgotovitelnye_raboty/
Основные электромонтажные работы,https://rascenki.kz/city/astana/osnovnye_elektromontazhnye_raboty/
Электромонтажные работы в щитке,https://rascenki.kz/city/astana/elektromontazhnye_raboty_v_tshitke/
Юридические услуги,https://rascenki.kz/city/astana/uridicheskie_uslugi/
